date,ticker,shares_held,share_change,price,final_value
2006-01-03,ADBE,3.00,3.00,$38.52,$115.56
2006-01-03,AMD,4.00,4.00,$32.40,$129.60
2006-01-03,GOOGL,13.00,13.00,$10.83,$140.75
2006-01-03,GOOG,13.00,13.00,$10.78,$140.09
2006-01-03,AMZN,60.00,60.00,$2.38,$142.74
2006-01-03,AEP,8.00,8.00,$17.14,$137.12
2006-01-03,AMGN,2.00,2.00,$55.57,$111.14
2006-01-03,ADI,6.00,6.00,$23.03,$138.17
2006-01-03,AAPL,64.00,64.00,$2.24,$143.62
2006-01-03,AMAT,10.00,10.00,$13.41,$134.12
2006-01-03,ASML,7.00,7.00,$19.52,$136.62
2006-01-03,AZN,12.00,12.00,$11.63,$139.61
2006-01-03,ADSK,3.00,3.00,$42.75,$128.25
2006-01-03,ADP,6.00,6.00,$22.98,$137.88
2006-01-03,AXON,20.00,20.00,$7.06,$141.20
2006-01-03,BKR,4.00,4.00,$31.09,$124.37
2006-01-03,BIIB,3.00,3.00,$46.74,$140.22
2006-01-03,BKNG,6.00,6.00,$22.40,$134.38
2006-01-03,CDNS,8.00,8.00,$16.95,$135.60
2006-01-03,CTAS,18.00,18.00,$7.90,$142.21
2006-01-03,CSCO,12.00,12.00,$11.42,$137.04
2006-01-03,CCEP,23.00,23.00,$6.09,$140.17
2006-01-03,CTSH,12.00,12.00,$11.28,$135.35
2006-01-03,CMCSA,23.00,23.00,$6.07,$139.52
2006-01-03,CPRT,100.00,100.00,$1.44,$143.88
2006-01-03,CSGP,32.00,32.00,$4.41,$140.99
2006-01-03,COST,4.00,4.00,$33.97,$135.87
2006-01-03,CSX,73.00,73.00,$1.98,$144.73
2006-01-03,DXCM,39.00,39.00,$3.62,$141.38
2006-01-03,EA,2.00,2.00,$51.97,$103.94
2006-01-03,EXC,7.00,7.00,$18.48,$129.37
2006-01-03,FAST,46.00,46.00,$3.12,$143.30
2006-01-03,GILD,15.00,15.00,$9.63,$144.45
2006-01-03,HON,6.00,6.00,$22.90,$137.43
2006-01-03,IDXX,8.00,8.00,$18.09,$144.74
2006-01-03,INTC,9.00,9.00,$14.98,$134.79
2006-01-03,INTU,6.00,6.00,$23.91,$143.46
2006-01-03,ISRG,11.00,11.00,$12.87,$141.53
2006-01-03,KLAC,5.00,5.00,$26.92,$134.62
2006-01-03,LRCX,46.00,46.00,$3.13,$143.98
2006-01-03,LIN,3.00,3.00,$37.06,$111.19
2006-01-03,MAR,5.00,5.00,$25.91,$129.55
2006-01-03,MRVL,5.00,5.00,$24.81,$124.05
2006-01-03,MCHP,15.00,15.00,$9.11,$136.66
2006-01-03,MU,10.00,10.00,$13.20,$131.95
2006-01-03,MSFT,7.00,7.00,$18.78,$131.47
2006-01-03,MSTR,16.00,16.00,$8.70,$139.22
2006-01-03,MDLZ,12.00,12.00,$11.25,$135.05
2006-01-03,MNST,83.00,83.00,$1.73,$143.38
2006-01-03,NFLX,38.00,38.00,$3.72,$141.41
2006-01-03,NVDA,496.00,496.00,$0.29,$144.85
2006-01-03,ORLY,67.00,67.00,$2.13,$142.89
2006-01-03,ODFL,37.00,37.00,$3.88,$143.53
2006-01-03,ON,25.00,25.00,$5.77,$144.25
2006-01-03,PCAR,13.00,13.00,$10.86,$141.21
2006-01-03,PAYX,7.00,7.00,$20.18,$141.29
2006-01-03,PEP,4.00,4.00,$34.28,$137.11
2006-01-03,QCOM,5.00,5.00,$28.14,$140.70
2006-01-03,REGN,9.00,9.00,$15.83,$142.49
2006-01-03,ROP,4.00,4.00,$35.25,$141.00
2006-01-03,ROST,24.00,24.00,$6.04,$144.86
2006-01-03,SBUX,12.00,12.00,$11.61,$139.32
2006-01-03,SNPS,7.00,7.00,$20.46,$143.22
2006-01-03,TTWO,8.00,8.00,$18.05,$144.39
2006-01-03,TXN,6.00,6.00,$20.96,$125.75
2006-01-03,TRI,7.00,7.00,$20.27,$141.86
2006-01-03,VRTX,5.00,5.00,$27.90,$139.50
2006-01-03,WBD,20.00,20.00,$7.00,$140.03
2006-01-03,XEL,15.00,15.00,$9.08,$136.15
2006-03-31,INTC,8.10,-0.90,$11.45,$92.76
2006-03-31,AMZN,54.00,-6.00,$1.83,$98.63
2006-03-31,AAPL,57.60,-6.40,$1.88,$108.45
2006-03-31,GOOG,11.70,-1.30,$9.66,$112.98
2006-03-31,GOOGL,11.70,-1.30,$9.70,$113.51
2006-03-31,MNST,33.00,$2.63,$304.62
2006-03-31,AXON,8.00,$10.59,$296.52
2006-03-31,NVDA,198.00,$0.44,$303.65
2006-03-31,DXCM,15.00,$5.07,$273.65
2006-03-31,VRTX,2.00,$36.59,$256.13
2006-03-31,ON,10.00,$7.26,$254.10
2006-03-31,CSCO,4.00,$14.18,$226.91
2006-03-31,ROP,1.00,$43.41,$217.03
2006-03-31,SBUX,4.00,$14.15,$226.45
2006-03-31,MSTR,6.00,$10.53,$231.64
2006-03-31,FAST,18.00,$3.77,$241.15
2006-03-31,CSX,29.00,$2.38,$242.68
2006-03-31,IDXX,3.00,$21.59,$237.49
2006-03-31,CPRT,40.00,$1.72,$240.19
2006-03-31,CSGP,12.00,$5.19,$228.32
2006-03-31,CTSH,4.00,$13.24,$211.89
2006-03-31,LRCX,18.00,$3.67,$234.77
2006-03-31,QCOM,2.00,$32.43,$227.00
2006-03-31,HON,2.00,$26.29,$210.35
2006-03-31,ORLY,26.00,$2.44,$226.67
2006-03-31,GILD,6.00,$10.95,$230.03
2006-03-31,MCHP,6.00,$10.35,$217.25
2006-03-31,NFLX,15.00,$4.14,$219.50
2006-06-28,TTWO,7.20,-0.80,$10.71,$77.11
2006-06-28,DXCM,48.60,-5.40,$3.16,$153.58
2006-06-28,NVDA,624.60,-69.40,$0.31,$196.25
2006-06-28,AMD,3.60,-0.40,$23.89,$86.00
2006-06-28,AXON,25.20,-2.80,$7.77,$195.80
2006-06-28,REGN,8.10,-0.90,$12.22,$98.96
2006-06-28,ON,31.50,-3.50,$5.49,$172.93
2006-06-28,EA,1.80,-0.20,$40.32,$72.57
2006-06-28,QCOM,6.30,-0.70,$25.36,$159.75
2006-06-28,MRVL,4.50,-0.50,$18.05,$81.22
2006-06-28,FAST,57.60,-6.40,$3.00,$172.79
2006-06-28,VRTX,6.30,-0.70,$29.62,$186.61
2006-06-28,ADI,5.40,-0.60,$19.94,$107.65
2006-06-28,SNPS,6.30,-0.70,$18.52,$116.68
2006-06-28,KLAC,4.50,-0.50,$21.40,$96.30
2006-06-28,ADSK,2.70,-0.30,$32.86,$88.72
2006-06-28,MSFT,6.30,-0.70,$16.32,$102.84
2006-06-28,IDXX,9.90,-1.10,$18.56,$183.77
2006-06-28,ADBE,2.70,-0.30,$30.06,$81.16
2006-06-28,CPRT,126.00,-14.00,$1.49,$187.98
2006-06-28,AMGN,1.80,-0.20,$44.21,$79.59
2006-06-28,MSTR,19.80,-2.20,$9.33,$184.77
2006-06-28,TXN,5.40,-0.60,$18.29,$98.79
2006-06-28,AAPL,51.84,-5.76,$1.68,$87.18
2006-06-28,CSCO,14.40,-1.60,$12.68,$182.64
2006-06-28,CDNS,7.20,-0.80,$16.61,$119.59
2006-06-28,MNST,46.00,$3.63,$588.84
2006-06-28,ODFL,14.00,$5.00,$254.78
2006-06-28,CMCSA,9.00,$7.35,$235.19
2006-06-28,BKNG,2.00,$28.88,$231.07
2006-06-28,AZN,4.00,$13.54,$216.57
2006-06-28,BKR,1.00,$37.91,$189.55
2006-06-28,CSX,40.00,$2.69,$381.75
2006-06-28,PCAR,5.00,$12.32,$221.76
2006-06-28,INTU,2.00,$26.16,$209.28
2006-09-25,CSGP,39.60,-4.40,$3.98,$157.53
2006-09-25,MNST,145.80,-16.20,$2.95,$429.62
2006-09-25,BKR,4.50,-0.50,$31.26,$140.65
2006-09-25,DXCM,43.74,-4.86,$2.64,$115.36
2006-09-25,ODFL,45.90,-5.10,$4.33,$198.53
2006-09-25,AMZN,48.60,-5.40,$1.59,$77.25
2006-09-25,NFLX,47.70,-5.30,$3.30,$157.41
2006-09-25,NVDA,249.00,$0.47,$412.27
2006-09-25,AAPL,20.00,$2.27,$163.37
2006-09-25,TTWO,2.00,$14.31,$131.64
2006-09-25,ADBE,1.00,$38.19,$141.30
2006-09-25,REGN,3.00,$15.45,$171.54
2006-09-25,IDXX,3.00,$23.15,$298.63
2006-09-25,BKNG,3.00,$35.68,$392.45
2006-09-25,CSCO,5.00,$15.20,$294.93
2006-09-25,CPRT,50.00,$1.78,$313.17
2006-09-25,GILD,8.00,$11.65,$337.83
2006-09-25,CTSH,6.00,$16.62,$365.69
2006-09-25,ASML,2.00,$21.72,$195.49
2006-09-25,MSFT,2.00,$19.07,$158.24
2006-09-25,MDLZ,4.00,$14.48,$231.75
2006-09-25,CMCSA,12.00,$8.46,$372.33
2006-09-25,ON,12.00,$6.24,$271.44
2006-09-25,LIN,1.00,$40.93,$163.72
2006-09-25,TXN,2.00,$20.70,$153.20
2006-09-25,KLAC,1.00,$24.11,$132.58
2006-09-25,AMD,1.00,$26.77,$123.14
2006-09-25,MU,4.00,$17.46,$244.49
2006-09-25,ADSK,1.00,$36.64,$135.57
2006-09-25,AZN,6.00,$15.05,$331.02
2006-09-25,PEP,1.00,$37.85,$189.24
2006-09-25,INTU,3.00,$28.86,$317.48
2006-12-20,MU,12.60,-1.40,$13.16,$165.77
2006-12-20,AMD,4.14,-0.46,$21.85,$90.46
2006-12-20,ODFL,41.31,-4.59,$3.58,$147.78
2006-12-20,AZN,19.80,-2.20,$12.80,$253.37
2006-12-20,IDXX,11.61,-1.29,$20.05,$232.72
2006-12-20,TXN,6.66,-0.74,$18.42,$122.71
2006-12-20,EA,1.62,-0.18,$50.06,$81.09
2006-12-20,TTWO,3.00,$19.78,$241.30
2006-12-20,CSGP,15.00,$5.46,$298.17
2006-12-20,SNPS,2.00,$26.86,$222.94
2006-12-20,REGN,4.00,$20.33,$307.03
2006-12-20,AMZN,19.00,$2.00,$135.23
2006-12-20,NVDA,349.00,$0.58,$714.86
2006-12-20,PCAR,7.00,$16.03,$400.63
2006-12-20,ON,17.00,$7.55,$456.78
2006-12-20,MAR,2.00,$36.15,$253.06
2006-12-20,BKR,1.00,$37.17,$204.42
2006-12-20,BKNG,4.00,$42.32,$634.85
2006-12-20,NFLX,19.00,$3.91,$260.70
2006-12-20,VRTX,2.00,$37.45,$310.84
2006-12-20,AEP,3.00,$20.45,$224.96
2006-12-20,CSCO,7.00,$17.93,$473.22
2006-12-20,MSTR,7.00,$11.52,$308.74
2006-12-20,CMCSA,17.00,$9.86,$601.54
2006-12-20,ROP,2.00,$45.34,$317.41
2006-12-20,ROST,9.00,$6.20,$204.60
2006-12-20,WBD,8.00,$7.47,$209.29
2006-12-20,GOOGL,4.00,$11.52,$180.79
2006-12-20,GOOG,4.00,$11.46,$179.94
2006-12-20,XEL,6.00,$11.79,$247.50
2006-12-20,LRCX,25.00,$4.31,$383.80
2006-12-20,KLAC,2.00,$27.03,$202.73
2006-12-20,ADSK,1.00,$41.06,$192.98
2006-12-20,MSFT,3.00,$21.36,$241.36
2006-12-20,AAPL,28.00,$2.54,$254.04
2006-12-20,CSX,56.00,$2.72,$538.55
2006-12-20,PAYX,2.00,$21.25,$191.21
2006-12-20,BIIB,1.00,$49.34,$197.36
2006-12-20,ADI,2.00,$21.14,$156.47
2006-12-20,HON,3.00,$27.85,$306.34
2007-03-22,AMD,3.73,-0.41,$13.35,$49.74
2007-03-22,DXCM,39.37,-4.37,$1.80,$70.96
2007-03-22,VRTX,7.47,-0.83,$28.09,$209.83
2007-03-22,NVDA,1100.34,-122.26,$0.47,$515.07
2007-03-22,CSGP,49.14,-5.46,$4.52,$222.06
2007-03-22,NFLX,60.03,-6.67,$3.30,$198.10
2007-03-22,MU,11.34,-1.26,$11.35,$128.70
2007-03-22,SBUX,14.40,-1.60,$11.90,$171.36
2007-03-22,AMGN,1.62,-0.18,$41.81,$67.74
2007-03-22,BKR,4.95,-0.55,$32.39,$160.31
2007-03-22,MDLZ,14.40,-1.60,$13.26,$191.00
2007-03-22,ON,24.00,$9.83,$830.63
2007-03-22,BKNG,6.00,$54.57,$1145.93
2007-03-22,ISRG,4.00,$13.41,$201.10
2007-03-22,CTSH,8.00,$20.70,$621.01
2007-03-22,TTWO,4.00,$23.35,$378.25
2007-03-22,CSX,79.00,$3.21,$888.76
2007-03-22,PCAR,10.00,$18.68,$653.80
2007-03-22,CDNS,2.00,$21.10,$194.12
2007-03-22,ODFL,16.00,$4.16,$238.45
2007-03-22,GILD,11.00,$13.16,$526.25
2007-03-22,ROST,13.00,$7.13,$327.78
2007-03-22,AEP,4.00,$23.32,$349.87
2007-03-22,QCOM,2.00,$28.11,$233.34
2007-03-22,MSTR,10.00,$12.90,$474.72
2007-03-22,AAPL,39.00,$2.82,$391.62
2007-03-22,EXC,2.00,$23.73,$213.60
2007-03-22,MCHP,8.00,$10.76,$312.03
2007-06-19,MSTR,33.12,-3.68,$9.73,$322.39
2007-06-19,CTSH,27.00,-3.00,$17.29,$466.95
2007-06-19,NFLX,54.03,-6.00,$2.85,$153.82
2007-06-19,SBUX,12.96,-1.44,$10.38,$134.48
2007-06-19,TTWO,14.58,-1.62,$20.74,$302.37
2007-06-19,XEL,18.90,-2.10,$11.12,$210.20
2007-06-19,AMZN,27.00,$3.49,$330.20
2007-06-19,AXON,10.00,$12.65,$445.28
2007-06-19,BKR,1.00,$43.74,$260.27
2007-06-19,WBD,11.00,$11.06,$431.48
2007-06-19,AAPL,55.00,$3.71,$719.59
2007-06-19,NVDA,440.00,$0.61,$937.36
2007-06-19,INTC,3.00,$14.56,$161.61
2007-06-19,HON,4.00,$36.51,$547.70
2007-06-19,BKNG,8.00,$65.59,$1902.06
2007-06-19,MNST,58.00,$3.67,$747.95
2007-06-19,ADSK,1.00,$46.50,$265.05
2007-06-19,TXN,2.00,$23.49,$203.43
2007-06-19,PCAR,14.00,$21.97,$1076.62
2007-06-19,ISRG,6.00,$15.65,$328.63
2007-06-19,FAST,23.00,$3.36,$270.42
2007-06-19,CSGP,19.00,$5.24,$356.78
2007-06-19,LIN,1.00,$51.48,$257.42
2007-06-19,CCEP,9.00,$7.52,$240.50
2007-06-19,LRCX,35.00,$4.55,$564.04
2007-06-19,BIIB,1.00,$51.85,$259.25
2007-06-19,CSX,110.00,$3.64,$1408.32
2007-06-19,ON,33.00,$11.04,$1297.20
2007-06-19,GOOG,6.00,$12.73,$276.33
2007-06-19,GOOGL,6.00,$12.79,$277.63
2007-06-19,ASML,3.00,$25.92,$311.05
2007-09-14,MSTR,29.81,-3.31,$6.89,$205.41
2007-09-14,TTWO,13.12,-1.46,$16.47,$216.11
2007-09-14,CSX,348.30,-38.70,$3.09,$1074.74
2007-09-14,ROST,41.40,-4.60,$5.55,$229.66
2007-09-14,ODFL,51.58,-5.73,$3.77,$194.55
2007-09-14,MU,10.21,-1.13,$10.74,$109.65
2007-09-14,NFLX,48.62,-5.40,$2.53,$123.09
2007-09-14,CMCSA,54.90,-6.10,$8.73,$479.36
2007-09-14,ISRG,8.00,$23.78,$689.56
2007-09-14,VRTX,2.00,$40.40,$382.59
2007-09-14,DXCM,15.00,$2.32,$125.86
2007-09-14,BKNG,11.00,$85.58,$3423.00
2007-09-14,IDXX,4.00,$28.68,$447.73
2007-09-14,BIIB,2.00,$65.42,$457.94
2007-09-14,AMZN,37.00,$4.39,$577.53
2007-09-14,NVDA,616.00,$0.74,$1594.14
2007-09-14,CSCO,10.00,$20.65,$751.81
2007-09-14,AXON,14.00,$14.37,$707.00
2007-09-14,MNST,81.00,$4.13,$1177.17
2007-09-14,AAPL,77.00,$4.17,$1128.62
2007-09-14,ROP,2.00,$56.04,$504.40
2007-09-14,ASML,4.00,$28.68,$458.86
2007-09-14,WBD,15.00,$12.20,$658.78
2007-12-11,VRTX,8.52,-0.95,$25.17,$214.52
2007-12-11,CMCSA,49.41,-5.49,$6.17,$304.76
2007-12-11,AMD,3.35,-0.37,$9.07,$30.42
2007-12-11,ON,105.75,-11.75,$8.88,$939.06
2007-12-11,CDNS,8.28,-0.92,$16.97,$140.51
2007-12-11,MU,9.19,-1.02,$8.40,$77.15
2007-12-11,SBUX,11.66,-1.30,$8.24,$96.07
2007-12-11,MCHP,26.10,-2.90,$9.07,$236.81
2007-12-11,MAR,6.30,-0.70,$28.15,$177.34
2007-12-11,CSGP,61.33,-6.81,$4.62,$283.51
2007-12-11,KLAC,6.75,-0.75,$26.83,$181.12
2007-12-11,AMGN,1.46,-0.16,$34.42,$50.19
2007-12-11,CSCO,32.76,-3.64,$18.34,$600.74
2007-12-11,AMAT,9.00,-1.00,$13.55,$121.93
2007-12-11,LRCX,111.60,-12.40,$3.85,$429.66
2007-12-11,ISRG,11.00,$37.34,$1493.78
2007-12-11,MSTR,11.00,$10.38,$423.46
2007-12-11,CPRT,70.00,$2.55,$626.53
2007-12-11,AAPL,108.00,$5.66,$2144.23
2007-12-11,GOOGL,8.00,$17.39,$516.58
2007-12-11,GOOG,8.00,$17.31,$514.16
2007-12-11,NFLX,19.00,$3.33,$225.09
2007-12-11,BKNG,16.00,$108.86,$6096.15
2007-12-11,GILD,16.00,$16.14,$903.85
2007-12-11,MSFT,4.00,$24.54,$375.39
2007-12-11,REGN,6.00,$23.50,$495.83
2007-12-11,COST,1.00,$48.53,$242.65
2007-12-11,BIIB,2.00,$75.39,$678.51
2007-12-11,LIN,2.00,$61.13,$427.89
2007-12-11,CSX,139.00,$3.50,$1707.54
2007-12-11,PEP,2.00,$45.63,$319.40
2008-03-11,NVDA,1940.71,-215.63,$0.44,$847.04
2008-03-11,VRTX,7.67,-0.85,$14.82,$113.68
2008-03-11,ON,95.17,-10.57,$5.56,$529.17
2008-03-11,GOOGL,26.73,-2.97,$10.94,$292.46
2008-03-11,GOOG,26.73,-2.97,$10.89,$291.10
2008-03-11,DXCM,48.93,-5.44,$1.42,$69.48
2008-03-11,CDNS,7.45,-0.83,$10.91,$81.30
2008-03-11,MSTR,36.73,-4.08,$6.84,$251.40
2008-03-11,AAPL,340.96,-37.88,$3.82,$1303.50
2008-03-11,ADSK,5.13,-0.57,$33.21,$170.37
2008-03-11,REGN,18.99,-2.11,$16.05,$304.81
2008-03-11,AMD,3.02,-0.34,$6.48,$19.56
2008-03-11,ASML,14.40,-1.60,$22.32,$321.42
2008-03-11,MRVL,4.05,-0.45,$9.20,$37.24
2008-03-11,AMZN,118.44,-13.16,$3.36,$397.66
2008-03-11,ADBE,3.33,-0.37,$32.60,$108.56
2008-03-11,BIIB,8.10,-0.90,$57.68,$467.21
2008-03-11,AXON,44.28,-4.92,$11.41,$505.23
2008-03-11,WBD,48.60,-5.40,$9.76,$474.37
2008-03-11,INTC,9.99,-1.11,$13.00,$129.87
2008-03-11,ISRG,36.00,-4.00,$29.69,$1068.68
2008-03-11,MU,8.27,-0.92,$6.70,$55.39
2008-03-11,PAYX,8.10,-0.90,$17.42,$141.12
2008-03-11,SBUX,10.50,-1.17,$6.67,$70.04
2008-03-11,BKR,5.36,-0.59,$33.58,$179.85
2008-03-11,PCAR,44.10,-4.90,$16.65,$734.26
2008-03-11,AZN,17.82,-1.98,$9.48,$168.91
2008-03-11,IDXX,14.05,-1.56,$25.24,$354.53
2008-03-11,EA,1.46,-0.16,$45.91,$66.93
2008-03-11,ORLY,83.70,-9.30,$1.80,$150.99
2008-03-11,MNST,256.32,-28.48,$3.31,$849.06
2008-03-11,KLAC,6.08,-0.68,$22.81,$138.57
2008-03-11,MSFT,13.77,-1.53,$21.15,$291.22
2008-03-11,ROP,8.10,-0.90,$49.57,$401.53
2008-03-11,LRCX,100.44,-11.16,$3.33,$334.17
2008-03-11,CTSH,24.30,-2.70,$13.12,$318.83
2008-03-11,TXN,7.79,-0.87,$18.43,$143.67
2008-03-11,CTAS,16.20,-1.80,$5.69,$92.18
2008-03-11,SNPS,7.47,-0.83,$23.04,$172.11
2008-03-11,AEP,13.50,-1.50,$20.88,$281.89
2008-03-11,ADI,6.66,-0.74,$18.27,$121.65
2008-03-11,ADP,5.40,-0.60,$22.82,$123.22
2008-03-11,CSGP,55.19,-6.13,$4.10,$226.29
2008-03-11,AMGN,1.31,-0.15,$30.85,$40.49
2008-03-11,INTU,9.90,-1.10,$23.50,$232.68
2008-03-11,COST,4.50,-0.50,$43.54,$195.92
2008-03-11,CSCO,29.48,-3.28,$16.46,$485.28
2008-03-11,XEL,17.01,-1.89,$10.83,$184.23
2008-03-11,NFLX,27.00,$4.73,$447.17
2008-03-11,TTWO,5.00,$24.65,$446.68
2008-03-11,ODFL,20.00,$4.38,$313.69
2008-03-11,AMAT,3.00,$15.72,$188.59
2008-03-11,CSX,194.00,$3.99,$2718.96
2008-03-11,CMCSA,19.00,$6.80,$465.38
2008-06-06,AXON,39.85,-4.43,$6.90,$274.98
2008-06-06,CCEP,28.80,-3.20,$6.32,$182.06
2008-06-06,MNST,230.69,-25.63,$2.87,$660.92
2008-06-06,MAR,5.67,-0.63,$23.32,$132.25
2008-06-06,VRTX,3.00,$32.24,$344.02
2008-06-06,ON,38.00,$9.61,$1279.81
2008-06-06,MRVL,1.00,$14.54,$73.44
2008-06-06,AAPL,136.00,$5.57,$2658.04
2008-06-06,CSX,272.00,$5.34,$5095.30
2008-06-06,DXCM,19.00,$1.87,$127.20
2008-06-06,ADBE,1.00,$42.30,$183.16
2008-06-06,GOOGL,10.00,$14.10,$518.06
2008-06-06,GOOG,10.00,$14.04,$515.64
2008-06-06,BKR,2.00,$43.15,$317.34
2008-06-06,ROST,16.00,$7.66,$439.92
2008-06-06,NVDA,776.00,$0.55,$1498.36
2008-06-06,ADI,2.00,$23.00,$199.17
2008-06-06,CPRT,98.00,$2.94,$1010.71
2008-06-06,FAST,32.00,$3.96,$446.34
2008-06-06,CSGP,22.00,$5.00,$386.28
2008-06-06,ADSK,2.00,$40.51,$288.84
2008-06-06,WBD,19.00,$11.89,$804.01
2008-06-06,MU,3.00,$8.10,$91.23
2008-06-06,AMZN,47.00,$4.03,$666.97
2008-06-06,QCOM,3.00,$31.09,$351.35
2008-06-06,ROP,3.00,$59.20,$657.17
2008-06-06,CTSH,9.00,$15.48,$515.49
2008-06-06,ASML,5.00,$26.07,$505.78
2008-06-06,LIN,2.00,$69.08,$621.74
2008-06-06,GILD,22.00,$19.28,$1503.91
2008-06-06,BKNG,22.00,$130.82,$10204.07
2008-06-06,AMD,1.00,$7.43,$29.85
2008-06-06,COST,1.00,$49.60,$272.82
2008-06-06,AZN,7.00,$10.68,$265.12
2008-06-06,PCAR,17.00,$18.72,$1144.05
2008-06-06,CMCSA,27.00,$7.64,$728.59
2008-06-06,MSTR,14.00,$7.66,$388.72
2008-06-06,TTWO,7.00,$27.36,$687.30
2008-06-06,SNPS,2.00,$25.40,$240.54
2008-09-03,NVDA,2445.04,-271.67,$0.27,$653.53
2008-09-03,MU,10.14,-1.13,$4.22,$42.78
2008-09-03,CDNS,6.71,-0.75,$7.83,$52.51
2008-09-03,BKNG,70.20,-7.80,$91.79,$6443.40
2008-09-03,MRVL,4.54,-0.51,$10.77,$48.96
2008-09-03,TXN,7.01,-0.78,$15.17,$106.42
2008-09-03,ADI,7.79,-0.87,$17.47,$136.13
2008-09-03,MNST,207.62,-23.07,$2.20,$457.28
2008-09-03,WBD,60.84,-6.76,$9.35,$568.73
2008-09-03,BIIB,7.29,-0.81,$50.17,$365.74
2008-09-03,VRTX,9.60,-1.07,$26.32,$252.77
2008-09-03,GOOG,33.06,-3.67,$11.50,$380.11
2008-09-03,GOOGL,33.06,-3.67,$11.55,$381.89
2008-09-03,KLAC,5.47,-0.61,$19.15,$104.69
2008-09-03,ASML,17.46,-1.94,$21.52,$375.78
2008-09-03,AMD,3.62,-0.40,$6.15,$22.24
2008-09-03,EXC,8.10,-0.90,$26.13,$211.65
2008-09-03,SNPS,8.52,-0.95,$21.20,$180.69
2008-09-03,MSTR,45.65,-5.07,$6.47,$295.43
2008-09-03,TTWO,22.61,-2.51,$23.17,$523.84
2008-09-03,CTSH,29.97,-3.33,$13.15,$394.16
2008-09-03,BKR,6.62,-0.74,$36.76,$243.30
2008-09-03,PCAR,54.99,-6.11,$16.00,$879.91
2008-09-03,ADSK,6.42,-0.71,$34.62,$222.16
2008-09-03,DXCM,61.14,-6.79,$1.60,$97.97
2008-09-03,LRCX,90.40,-10.04,$2.87,$259.42
2008-09-03,CSCO,26.54,-2.95,$15.26,$404.80
2008-09-03,ROP,9.99,-1.11,$52.57,$525.19
2008-09-03,CCEP,25.92,-2.88,$5.62,$145.80
2008-09-03,MCHP,23.49,-2.61,$9.49,$222.81
2008-09-03,AAPL,429.26,-47.70,$5.01,$2151.52
2008-09-03,REGN,7.00,$21.71,$564.16
2008-09-03,ORLY,33.00,$2.00,$233.63
2008-09-03,ODFL,28.00,$4.85,$482.66
2008-09-03,AZN,9.00,$12.31,$416.49
2008-09-03,IDXX,5.00,$28.27,$538.52
2008-09-03,CTAS,6.00,$6.14,$136.40
2008-09-03,CSGP,30.00,$5.53,$592.78
2008-09-03,ROST,22.00,$8.46,$671.81
2008-11-28,DXCM,55.02,-6.11,$0.50,$27.51
2008-11-28,ON,119.86,-13.32,$2.92,$349.98
2008-11-28,AMD,3.25,-0.36,$2.36,$7.68
2008-11-28,EA,1.31,-0.15,$18.57,$24.37
2008-11-28,ISRG,32.40,-3.60,$14.73,$477.11
2008-11-28,MRVL,4.09,-0.45,$4.95,$20.24
2008-11-28,BKR,5.96,-0.66,$17.34,$103.30
2008-11-28,ADSK,5.78,-0.64,$16.59,$95.81
2008-11-28,CDNS,6.04,-0.67,$3.86,$23.30
2008-11-28,TTWO,20.35,-2.26,$12.15,$247.24
2008-11-28,AMZN,148.90,-16.54,$2.13,$317.89
2008-11-28,ADBE,3.90,-0.43,$23.16,$90.25
2008-11-28,CCEP,23.33,-2.59,$3.03,$70.57
2008-11-28,KLAC,4.92,-0.55,$10.41,$51.21
2008-11-28,IDXX,17.14,-1.90,$15.45,$264.96
2008-11-28,MSTR,41.09,-4.57,$3.57,$146.61
2008-11-28,AAPL,386.33,-42.93,$2.78,$1074.77
2008-11-28,SBUX,9.45,-1.05,$3.36,$31.73
2008-11-28,AMAT,10.80,-1.20,$7.27,$78.56
2008-11-28,HON,13.50,-1.50,$18.19,$245.56
2008-11-28,MAR,5.10,-0.57,$13.24,$67.58
2008-11-28,CSGP,96.47,-10.72,$3.26,$314.70
2008-11-28,CPRT,309.60,-34.40,$1.67,$516.06
2008-11-28,LRCX,81.36,-9.04,$1.72,$140.20
2008-11-28,MCHP,21.14,-2.35,$5.82,$123.00
2008-11-28,CSX,857.97,-95.33,$3.07,$2635.76
2008-11-28,GOOGL,29.75,-3.31,$7.29,$216.82
2008-11-28,GOOG,29.75,-3.31,$7.25,$215.80
2008-11-28,MU,9.13,-1.01,$2.68,$24.42
2008-11-28,NVDA,2200.53,-244.50,$0.17,$376.81
2008-11-28,INTC,8.99,-1.00,$8.64,$77.69
2008-11-28,CTSH,26.97,-3.00,$8.55,$230.57
2008-11-28,ADI,7.01,-0.78,$11.38,$79.84
2008-11-28,ROST,71.46,-7.94,$5.58,$399.07
2008-11-28,PCAR,49.49,-5.50,$10.62,$525.68
2008-11-28,ASML,15.71,-1.75,$14.29,$224.54
2008-11-28,TXN,6.31,-0.70,$10.11,$63.84
2008-11-28,AXON,35.87,-3.99,$4.35,$156.02
2008-11-28,LIN,8.10,-0.90,$42.62,$345.22
2008-11-28,QCOM,10.17,-1.13,$22.21,$225.87
2008-11-28,ODFL,89.62,-9.96,$3.40,$304.98
2008-11-28,REGN,23.39,-2.60,$15.39,$360.08
2008-11-28,CSCO,23.88,-2.65,$10.82,$258.51
2008-11-28,INTU,8.91,-0.99,$19.59,$174.59
2008-11-28,FAST,101.34,-11.26,$3.16,$320.63
2008-11-28,TRI,6.30,-0.70,$15.69,$98.83
2008-11-28,BKNG,63.18,-7.02,$68.14,$4304.84
2008-11-28,NFLX,85.16,-9.46,$3.28,$279.57
2008-11-28,COST,4.95,-0.55,$36.06,$178.51
2008-11-28,SNPS,7.67,-0.85,$16.03,$122.96
2008-11-28,MSFT,12.39,-1.38,$14.82,$183.62
2008-11-28,CTAS,19.98,-2.22,$4.72,$94.36
2008-11-28,AZN,30.44,-3.38,$9.68,$294.70
2008-11-28,ROP,8.99,-1.00,$41.42,$372.41
2008-11-28,EXC,7.29,-0.81,$20.63,$150.40
2008-11-28,CMCSA,85.87,-9.54,$6.08,$521.82
2008-11-28,AEP,12.15,-1.35,$16.13,$195.92
2008-11-28,PEP,6.30,-0.70,$34.44,$216.95
2008-11-28,WBD,54.76,-6.08,$7.66,$419.69
2008-11-28,PAYX,7.29,-0.81,$16.03,$116.86
2008-11-28,BIIB,6.56,-0.73,$42.31,$277.60
2008-11-28,MDLZ,12.96,-1.44,$11.91,$154.37
2008-11-28,ORLY,105.03,-11.67,$1.74,$182.54
2008-11-28,GILD,70.20,-7.80,$15.77,$1107.09
2008-11-28,AMGN,1.18,-0.13,$38.41,$45.36
2008-11-28,MNST,83.00,$2.48,$720.49
2009-02-27,TTWO,18.31,-2.03,$6.19,$113.36
2009-02-27,CSX,772.17,-85.80,$2.05,$1585.16
2009-02-27,ISRG,29.16,-3.24,$10.11,$294.71
2009-02-27,ADBE,3.51,-0.39,$16.70,$58.57
2009-02-27,CMCSA,77.28,-8.59,$4.59,$354.96
2009-02-27,ADSK,5.20,-0.58,$12.69,$65.96
2009-02-27,CSGP,86.83,-9.65,$2.55,$221.41
2009-02-27,FAST,91.21,-10.13,$2.47,$225.70
2009-02-27,PAYX,6.56,-0.73,$12.67,$83.12
2009-02-27,MSFT,11.15,-1.24,$11.92,$132.90
2009-02-27,COST,4.46,-0.50,$29.77,$132.64
2009-02-27,ADP,4.86,-0.54,$20.05,$97.44
2009-02-27,MAR,4.59,-0.51,$11.17,$51.30
2009-02-27,BKR,5.36,-0.60,$14.65,$78.57
2009-02-27,MDLZ,11.66,-1.30,$10.08,$117.58
2009-02-27,EXC,6.56,-0.73,$17.50,$114.79
2009-02-27,PEP,5.67,-0.63,$29.47,$167.09
2009-02-27,EA,1.18,-0.13,$15.89,$18.77
2009-02-27,CTAS,17.98,-2.00,$4.07,$73.25
2009-02-27,AZN,27.39,-3.04,$8.42,$230.69
2009-02-27,CSCO,21.49,-2.39,$9.54,$204.95
2009-02-27,AMGN,1.06,-0.12,$33.83,$35.96
2009-02-27,DXCM,22.00,$1.01,$77.99
2009-02-27,NFLX,34.00,$5.18,$616.92
2009-02-27,AMZN,59.00,$3.24,$673.48
2009-02-27,MRVL,1.00,$6.41,$32.61
2009-02-27,ORLY,42.00,$2.22,$326.99
2009-02-27,ON,47.00,$3.66,$610.70
2009-02-27,CCEP,9.00,$3.78,$122.30
2009-02-27,BKNG,25.00,$83.80,$7389.27
2009-02-27,VRTX,3.00,$30.14,$379.87
2009-02-27,MU,3.00,$3.14,$38.14
2009-02-27,SNPS,3.00,$18.63,$198.80
2009-02-27,GOOGL,11.00,$8.41,$342.63
2009-02-27,GOOG,11.00,$8.37,$341.03
2009-02-27,ROST,28.00,$6.26,$623.01
2009-02-27,MNST,116.00,$2.77,$1127.69
2009-02-27,NVDA,880.00,$0.19,$584.70
2009-02-27,ADI,2.00,$12.56,$113.23
2009-05-27,AMD,1.00,$4.71,$20.04
2009-05-27,ON,66.00,$6.37,$1483.30
2009-05-27,ADSK,2.00,$21.16,$152.30
2009-05-27,ADBE,1.00,$27.25,$122.82
2009-05-27,MAR,1.00,$17.78,$99.47
2009-05-27,ISRG,11.00,$15.85,$636.67
2009-05-27,KLAC,1.00,$14.94,$88.47
2009-05-27,TTWO,7.00,$9.53,$241.24
2009-05-27,MRVL,2.00,$9.81,$69.55
2009-05-27,AAPL,154.00,$3.99,$2158.19
2009-05-27,MU,4.00,$4.66,$75.13
2009-05-27,SBUX,3.00,$5.04,$62.73
2009-05-27,CCEP,12.00,$5.53,$245.30
2009-05-27,CSGP,34.00,$3.62,$438.00
2009-05-27,WBD,21.00,$11.18,$846.59
2009-05-27,CTSH,10.00,$11.48,$424.36
2009-05-27,IDXX,6.00,$21.00,$485.91
2009-05-27,CDNS,2.00,$5.78,$46.45
2009-05-27,ASML,6.00,$19.07,$414.04
2009-05-27,TXN,2.00,$12.50,$103.88
2009-05-27,ROST,39.00,$8.27,$1145.24
2009-05-27,DXCM,30.00,$1.33,$142.07
2009-05-27,ADI,3.00,$16.45,$197.64
2009-05-27,LRCX,32.00,$2.18,$247.56
2009-05-27,ODFL,35.00,$4.04,$503.55
2009-05-27,AZN,10.00,$10.87,$406.30
2009-05-27,MSTR,16.00,$4.66,$266.03
2009-05-27,QCOM,4.00,$28.45,$403.11
2009-05-27,MSFT,4.00,$14.95,$226.49
2009-05-27,NVDA,1232.00,$0.24,$1025.16
2009-05-27,CSCO,8.00,$11.92,$351.68
2009-05-27,LIN,3.00,$51.39,$570.47
2009-05-27,BKR,2.00,$18.23,$134.22
2009-05-27,TRI,2.00,$19.47,$161.58
2009-05-27,BKNG,35.00,$103.52,$12751.29
2009-05-27,PAYX,2.00,$15.65,$133.94
2009-05-27,INTC,3.00,$9.86,$118.26
2009-05-27,CTAS,7.00,$4.95,$123.78
2009-05-27,AMAT,4.00,$8.51,$125.89
2009-05-27,HON,5.00,$21.34,$394.77
2009-05-27,GOOGL,16.00,$10.09,$572.54
2009-05-27,GOOG,16.00,$10.04,$569.87
2009-05-27,MNST,162.00,$3.30,$1877.86
2009-05-27,AMZN,83.00,$3.86,$1121.40
2009-05-27,CSX,308.00,$2.41,$2604.11
2009-05-27,INTU,3.00,$23.59,$280.97
2009-05-27,MCHP,8.00,$6.99,$203.78
2009-05-27,PCAR,19.00,$11.20,$767.13
2009-05-27,COST,1.00,$34.47,$188.03
2009-05-27,CPRT,123.00,$1.92,$831.40
2009-05-27,MDLZ,4.00,$11.42,$178.82
2009-05-27,BIIB,2.00,$50.98,$436.44
2009-05-27,CMCSA,30.00,$5.05,$542.08
2009-08-21,AMD,3.83,-0.43,$3.70,$14.17
2009-08-21,MNST,511.76,-56.86,$2.76,$1411.17
2009-08-21,EA,1.06,-0.12,$18.94,$20.13
2009-08-21,ISRG,16.00,$25.64,$1439.82
2009-08-21,DXCM,42.00,$2.09,$311.83
2009-08-21,CSX,432.00,$3.78,$5709.77
2009-08-21,REGN,9.00,$22.13,$716.66
2009-08-21,MU,6.00,$6.97,$154.30
2009-08-21,SBUX,4.00,$7.41,$121.93
2009-08-21,BKNG,14.00,$151.64,$20801.63
2009-08-21,NVDA,269.00,$0.32,$1462.99
2009-11-17,ODFL,112.16,-12.46,$4.07,$456.56
2009-11-17,AXON,32.28,-3.59,$4.23,$136.54
2009-11-17,REGN,29.15,-3.24,$19.84,$578.52
2009-11-17,DXCM,134.12,-14.90,$1.88,$252.48
2009-11-17,AMD,1.00,$6.62,$31.97
2009-11-17,AMZN,116.00,$6.56,$2670.25
2009-11-17,MSTR,22.00,$9.10,$719.39
2009-11-17,BKNG,10.00,$206.67,$30417.65
2009-11-17,NFLX,14.00,$8.68,$1155.65
2010-02-17,TTWO,22.78,-2.53,$9.66,$220.08
2010-02-17,CTAS,22.48,-2.50,$4.88,$109.78
2010-02-17,QCOM,12.75,-1.42,$26.63,$339.65
2010-02-17,ADBE,4.06,-0.45,$32.33,$131.15
2010-02-17,AMZN,366.21,-40.69,$5.82,$2129.67
2010-02-17,REGN,11.00,$30.33,$1217.81
2010-02-17,AXON,12.00,$6.41,$283.84
2010-02-17,NVDA,1832.00,$0.41,$2622.84
2010-02-17,DXCM,53.00,$2.44,$456.11
2010-02-17,BIIB,3.00,$56.23,$650.08
2010-02-17,MRVL,2.00,$17.05,$155.01
2010-02-17,AMD,1.00,$8.03,$46.81
2010-02-17,ISRG,22.00,$37.91,$2962.70
2010-02-17,FAST,36.00,$3.68,$468.53
2010-02-17,MU,8.00,$8.53,$256.87
2010-02-17,BKR,2.00,$24.38,$228.20
2010-02-17,MNST,204.00,$3.29,$2354.84
2010-02-17,TRI,3.00,$23.47,$265.20
2010-05-14,NVDA,5772.18,-641.35,$0.30,$1714.84
2010-05-14,GILD,63.18,-7.02,$13.30,$840.44
2010-05-14,AXON,39.85,-4.43,$5.04,$200.85
2010-05-14,BIIB,10.40,-1.16,$50.13,$521.60
2010-05-14,MSTR,71.18,-7.91,$7.71,$548.73
2010-05-14,REGN,36.14,-4.02,$27.25,$984.84
2010-05-14,NFLX,53.00,$14.37,$2674.35
2010-05-14,CCEP,17.00,$8.95,$548.92
2010-05-14,ODFL,44.00,$5.31,$828.58
2010-05-14,MAR,2.00,$27.79,$210.97
2010-05-14,AAPL,216.00,$7.62,$5763.04
2010-05-14,FAST,50.00,$4.58,$812.24
2010-05-14,PCAR,26.00,$17.20,$1624.99
2010-05-14,CSX,2.00,$4.68,$7086.70
2010-05-14,ORLY,1.00,$3.19,$472.91
2010-08-11,NVDA,5194.96,-577.22,$0.20,$1057.49
2010-08-11,AMD,5.25,-0.58,$6.49,$34.05
2010-08-11,AXON,35.87,-3.99,$3.94,$141.32
2010-08-11,MRVL,8.18,-0.91,$12.41,$101.54
2010-08-11,MU,27.11,-3.01,$6.98,$189.35
2010-08-11,ON,209.57,-23.29,$6.43,$1347.55
2010-08-11,TTWO,20.50,-2.28,$9.19,$188.43
2010-08-11,ADBE,3.65,-0.41,$28.25,$103.14
2010-08-11,PAYX,7.70,-0.86,$15.32,$118.03
2010-08-11,MSFT,13.64,-1.52,$18.82,$256.62
2010-08-11,REGN,32.52,-3.61,$23.62,$768.15
2010-08-11,AMAT,13.32,-1.48,$8.78,$116.90
2010-08-11,IDXX,20.83,-2.31,$28.51,$593.85
2010-08-11,BKR,8.43,-0.94,$20.52,$172.86
2010-08-11,INTC,10.79,-1.20,$12.87,$138.87
2010-08-11,BKNG,12.00,$285.48,$45442.80
2010-08-11,NFLX,9.00,$18.07,$3526.02
2010-08-11,MNST,1.00,$3.72,$2664.55
2010-11-05,ISRG,70.34,-7.82,$30.92,$2174.96
2010-11-05,DXCM,168.41,-18.71,$2.71,$456.81
2010-11-05,MRVL,3.00,$17.74,$198.38
2010-11-05,NVDA,2077.00,$0.29,$2102.07
2010-11-05,AMZN,146.00,$8.54,$4373.47
2010-11-05,BKNG,3.00,$384.00,$62277.36
2010-11-05,NFLX,10.00,$24.01,$4926.82
2011-02-03,NVDA,2908.00,$0.58,$5857.33
2011-02-03,BKR,3.00,$35.17,$401.89
2011-02-03,ON,83.00,$11.17,$3268.03
2011-02-03,REGN,8.00,$34.56,$1400.55
2011-02-03,DXCM,5.00,$3.54,$613.00
2011-05-03,NVDA,9161.96,-1018.00,$0.43,$3946.34
2011-05-03,MRVL,10.06,-1.12,$12.79,$128.76
2011-05-03,CSCO,26.54,-2.95,$11.43,$303.50
2011-05-03,GOOG,51.08,-5.68,$13.22,$675.17
2011-05-03,GOOGL,51.08,-5.68,$13.28,$678.34
2011-05-03,MAR,6.83,-0.76,$28.55,$195.11
2011-05-03,BIIB,4.00,$97.99,$1411.54
2011-05-03,REGN,16.00,$50.89,$2876.56
2011-05-03,VRTX,5.00,$54.74,$963.62
2011-05-03,BKNG,4.00,$533.35,$88631.77
2011-05-03,ODFL,5.00,$7.94,$1280.25
2011-05-03,DXCM,1.00,$4.12,$719.43
2011-07-29,MU,24.40,-2.71,$7.20,$175.65
2011-07-29,NVDA,8245.77,-916.20,$0.32,$2614.16
2011-07-29,ADSK,6.48,-0.72,$34.40,$222.84
2011-07-29,PCAR,85.04,-9.45,$16.97,$1443.17
2011-07-29,AMAT,11.99,-1.33,$9.86,$118.22
2011-07-29,ADBE,3.29,-0.37,$27.71,$91.05
2011-07-29,AMD,4.72,-0.52,$7.34,$34.66
2011-07-29,MCHP,26.23,-2.91,$12.03,$315.45
2011-07-29,ON,263.31,-29.26,$8.69,$2288.20
2011-07-29,TTWO,18.45,-2.05,$13.49,$248.94
2011-07-29,INTU,10.72,-1.19,$41.29,$442.63
2011-07-29,ASML,19.54,-2.17,$34.48,$673.82
2011-07-29,TXN,7.48,-0.83,$20.39,$152.53
2011-07-29,DXCM,156.97,-17.44,$3.55,$556.45
2011-07-29,ADI,10.81,-1.20,$24.94,$269.71
2011-07-29,HON,16.65,-1.85,$37.37,$622.25
2011-07-29,CSGP,108.74,-12.08,$5.88,$638.98
2011-07-29,PAYX,6.93,-0.77,$18.04,$125.11
2011-07-29,LRCX,102.02,-11.34,$3.49,$355.79
2011-07-29,TRI,10.17,-1.13,$23.81,$242.12
2011-07-29,SNPS,9.60,-1.07,$23.97,$230.20
2011-07-29,WBD,68.18,-7.58,$20.34,$1386.60
2011-07-29,MNST,286.00,$6.39,$6402.61
2011-07-29,MSTR,28.00,$15.94,$1580.63
2011-07-29,NFLX,31.00,$38.00,$8973.81
2011-07-29,GOOGL,1.00,$15.02,$782.04
2011-10-25,NFLX,212.55,-23.62,$11.05,$2349.24
2011-10-25,AMD,4.25,-0.47,$4.91,$20.86
2011-10-25,BKR,10.28,-1.14,$28.56,$293.67
2011-10-25,DXCM,141.27,-15.70,$2.62,$370.13
2011-10-25,MU,21.96,-2.44,$5.36,$117.76
2011-10-25,ON,236.98,-26.33,$7.10,$1682.58
2011-10-25,VRTX,15.84,-1.76,$43.33,$686.49
2011-10-25,TRI,9.15,-1.02,$19.95,$182.57
2011-10-25,MSTR,89.26,-9.92,$13.35,$1191.92
2011-10-25,CSX,1362.76,-151.42,$5.55,$7569.11
2011-10-25,IDXX,18.75,-2.08,$36.34,$681.26
2011-10-25,CCEP,55.20,-6.13,$12.63,$697.12
2011-10-25,ORLY,59.00,$4.73,$978.70
2011-10-25,AXON,14.00,$4.84,$241.36
2011-10-25,ROST,55.00,$19.13,$3701.69
2011-10-25,ASML,7.00,$39.62,$1051.50
2011-10-25,INTU,4.00,$47.30,$696.19
2011-10-25,KLAC,2.00,$26.58,$210.51
2011-10-25,TTWO,7.00,$15.22,$387.41
2011-10-25,INTC,4.00,$16.87,$249.57
2011-10-25,SNPS,3.00,$26.56,$334.75
2011-10-25,CSCO,10.00,$11.66,$426.17
2011-10-25,MNST,352.00,$7.04,$9536.36
2012-01-24,EA,0.96,-0.11,$17.48,$16.72
2012-01-24,VRTX,14.26,-1.58,$34.99,$498.92
2012-01-24,AMZN,460.99,-51.22,$9.35,$4310.22
2012-01-24,MSTR,80.34,-8.93,$11.16,$896.79
2012-01-24,BKR,9.25,-1.03,$24.52,$226.90
2012-01-24,MU,8.00,$7.76,$232.65
2012-01-24,REGN,22.00,$79.07,$6208.90
2012-01-24,AMD,1.00,$6.53,$34.28
2012-01-24,FAST,70.00,$8.26,$2042.22
2012-01-24,CTAS,8.00,$7.96,$242.58
2012-01-24,ON,94.00,$9.08,$3005.33
2012-01-24,MNST,40.00,$8.86,$12359.87
2012-01-24,CPRT,1.00,$3.02,$1309.20
2012-04-20,EA,0.86,-0.10,$14.55,$12.52
2012-04-20,MU,26.97,-3.00,$6.49,$174.88
2012-04-20,AXON,44.88,-4.99,$4.08,$183.11
2012-04-20,BKR,8.33,-0.93,$20.97,$174.70
2012-04-20,ON,297.88,-33.10,$8.07,$2403.93
2012-04-20,DXCM,127.14,-14.13,$2.40,$305.15
2012-04-20,NVDA,7421.19,-824.58,$0.31,$2277.90
2012-04-20,REGN,28.00,$125.84,$13404.91
2012-04-20,AAPL,5.00,$17.20,$13095.66
2012-04-20,ORLY,1.00,$6.43,$1337.63
2012-07-18,AMD,4.72,-0.52,$4.89,$23.10
2012-07-18,TTWO,22.91,-2.55,$9.20,$210.76
2012-07-18,MRVL,9.06,-1.01,$9.32,$84.40
2012-07-18,NFLX,191.29,-21.25,$11.61,$2220.89
2012-07-18,EA,0.77,-0.09,$11.20,$8.68
2012-07-18,ADSK,5.83,-0.65,$32.21,$187.79
2012-07-18,MSTR,72.30,-8.03,$12.00,$867.63
2012-07-18,CTSH,33.28,-3.70,$26.41,$878.67
2012-07-18,CSCO,32.89,-3.65,$11.18,$367.83
2012-07-18,ON,268.10,-29.79,$6.83,$1831.10
2012-07-18,TXN,6.73,-0.75,$19.26,$129.66
2012-07-18,LRCX,91.82,-10.20,$2.99,$274.39
2012-07-18,ODFL,145.04,-16.12,$8.94,$1296.87
2012-07-18,MU,24.27,-2.70,$5.70,$138.43
2012-07-18,PCAR,76.54,-8.50,$15.48,$1184.53
2012-07-18,VRTX,5.00,$53.61,$1032.47
2012-07-18,DXCM,50.00,$3.19,$565.97
2012-07-18,AXON,17.00,$5.01,$310.02
2012-07-18,ROST,77.00,$30.45,$8236.47
2012-07-18,AMZN,112.00,$10.87,$6230.36
2012-10-12,AMD,4.25,-0.47,$2.74,$11.65
2012-10-12,NFLX,172.16,-19.13,$9.19,$1582.17
2012-10-12,MNST,1255.28,-139.48,$9.51,$11941.91
2012-10-12,MRVL,8.15,-0.91,$7.55,$61.51
2012-10-12,INTC,13.31,-1.48,$15.20,$202.41
2012-10-12,ON,241.29,-26.81,$5.86,$1413.94
2012-10-12,ORLY,187.23,-20.80,$5.55,$1039.73
2012-10-12,SBUX,14.80,-1.64,$18.45,$273.15
2012-10-12,ROST,243.41,-27.05,$27.21,$6623.09
2012-10-12,GOOG,20.00,$18.44,$1310.62
2012-10-12,GOOGL,20.00,$18.53,$1335.30
2012-10-12,GILD,25.00,$23.92,$2109.40
2012-10-12,REGN,28.00,$150.09,$20190.10
2012-10-12,TTWO,3.00,$11.18,$289.66
2013-01-14,MSTR,65.07,-7.23,$9.43,$613.82
2013-01-14,AAPL,685.20,-76.13,$15.20,$10412.56
2013-01-14,EXC,5.90,-0.66,$13.16,$77.73
2013-01-14,VRTX,17.33,-1.93,$47.34,$820.55
2013-01-14,MNST,1129.75,-125.53,$8.46,$9559.60
2013-01-14,NFLX,68.00,$14.78,$3549.25
2013-01-14,AXON,24.00,$9.22,$791.82
2013-01-14,MU,9.00,$7.42,$246.96
2013-01-14,ON,96.00,$7.66,$2583.62
2013-01-14,ADBE,1.00,$38.16,$163.55
2013-01-14,TXN,2.00,$22.83,$199.39
2013-01-14,CPRT,173.00,$3.98,$2417.30
2013-01-14,REGN,14.00,$178.63,$26531.29
2013-01-14,ODFL,7.00,$11.37,$1729.09
2013-01-14,LRCX,2.00,$3.26,$305.90
2013-04-12,AAPL,616.68,-68.52,$13.09,$8074.26
2013-04-12,AXON,77.29,-8.59,$8.09,$625.29
2013-04-12,NFLX,96.00,$24.74,$8317.61
2013-04-12,BIIB,5.00,$207.01,$4017.01
2013-04-12,GILD,15.00,$36.57,$3773.18
2013-04-12,CSX,1.00,$6.68,$9106.43
2013-07-10,ISRG,63.31,-7.03,$46.96,$2973.30
2013-07-10,EXC,5.31,-0.59,$14.03,$74.56
2013-07-10,ADSK,5.25,-0.58,$34.31,$180.03
2013-07-10,AMD,1.00,$3.98,$20.90
2013-07-10,VRTX,6.00,$81.64,$1904.91
2013-07-10,NFLX,82.00,$34.83,$14565.18
2013-07-10,DXCM,1.00,$5.54,$987.36
2013-07-10,LRCX,1.00,$4.22,$400.56
2013-07-10,NVDA,1.00,$0.34,$2498.78
2013-10-04,ISRG,56.98,-6.33,$40.48,$2306.24
2013-10-04,MNST,1016.78,-112.98,$8.65,$8790.05
2013-10-04,CDNS,7.23,-0.80,$13.40,$96.92
2013-10-04,ON,303.56,-33.73,$7.26,$2203.83
2013-10-04,AXON,30.00,$14.03,$1505.31
2013-10-04,MU,13.00,$18.04,$834.68
2013-10-04,NFLX,81.00,$46.75,$23336.54
2013-10-04,CSGP,2.00,$17.23,$1907.90
2013-10-04,DXCM,1.00,$7.01,$1255.80
2014-01-02,EA,0.70,-0.08,$22.24,$15.51
2014-01-02,REGN,137.54,-10.98,$273.42,$37605.67
2014-01-02,MNST,406.00,$11.13,$15835.52
2014-01-02,MRVL,3.00,$12.56,$140.03
2014-01-02,GOOG,28.00,$27.56,$2730.56
2014-01-02,GOOGL,24.00,$27.69,$2660.33
2014-01-02,DXCM,1.00,$8.69,$1565.00
2014-01-02,CSX,1.00,$7.83,$10689.12
2014-04-01,AMZN,515.69,-57.30,$17.15,$8843.78
2014-04-01,ISRG,22.00,$54.84,$4331.54
2014-04-01,TTWO,10.00,$21.92,$787.11
2014-04-01,EXC,2.00,$15.87,$116.04
2014-04-01,AXON,42.00,$18.99,$2835.06
2014-04-01,BKR,3.00,$34.87,$395.02
2014-04-01,DXCM,72.00,$10.32,$2602.75
2014-04-01,NVDA,1993.00,$0.44,$4158.37
2014-06-27,AXON,134.36,-14.93,$13.39,$1799.12
2014-06-27,CSGP,99.67,-11.07,$15.70,$1565.01
2014-06-27,ISRG,71.08,-7.90,$47.04,$3343.96
2014-06-27,MRVL,10.04,-1.12,$12.67,$127.12
2014-06-27,WBD,61.36,-6.82,$37.84,$2322.18
2014-06-27,VRTX,9.00,$93.77,$3031.87
2014-06-27,MU,18.00,$30.78,$1977.94
2014-06-27,NFLX,25.00,$63.15,$33103.08
2014-06-27,MSTR,2.00,$14.07,$944.04
2014-06-27,LRCX,2.00,$5.73,$554.51
2014-09-24,IDXX,16.87,-1.87,$59.35,$1001.44
2014-09-24,CPRT,545.94,-60.66,$3.94,$2148.96
2014-09-24,MNST,219.00,$15.28,$25086.37
2014-12-19,AMD,4.73,-0.53,$2.57,$12.15
2014-12-19,NFLX,471.75,-52.42,$48.59,$22921.45
2014-12-19,BKR,10.20,-1.13,$30.62,$312.24
2014-12-19,GOOGL,86.47,-9.61,$25.85,$2234.95
2014-12-19,GOOG,92.29,-6.79,$25.59,$2362.08
2014-12-19,AXON,53.00,$23.98,$4492.96
2014-12-19,DXCM,100.00,$14.14,$4978.43
2014-12-19,ORLY,74.00,$12.88,$3363.56
2014-12-19,IDXX,6.00,$74.12,$1695.28
2014-12-19,MSTR,26.00,$16.41,$1526.94
2014-12-19,MNST,80.00,$18.60,$32033.68
2014-12-19,CPRT,2.00,$4.59,$2516.41
2015-03-20,MU,57.84,-6.43,$28.01,$1620.27
2015-03-20,INTC,11.98,-1.33,$24.19,$289.88
2015-03-20,EXC,6.58,-0.73,$16.30,$107.30
2015-03-20,BIIB,6.00,$475.98,$12092.22
2015-03-20,ON,28.00,$12.93,$4287.05
2015-03-20,NVDA,17.00,$0.57,$5332.82
2015-06-17,AMAT,10.79,-1.20,$17.28,$186.41
2015-06-17,BIIB,22.86,-2.54,$390.86,$8936.78
2015-06-17,MU,52.06,-5.78,$23.91,$1244.69
2015-06-17,IDXX,20.58,-2.29,$66.40,$1366.83
2015-06-17,ADSK,4.72,-0.52,$53.58,$253.03
2015-06-17,ODFL,136.84,-15.20,$22.69,$3105.31
2015-06-17,AMD,4.25,-0.47,$2.47,$10.51
2015-06-17,NFLX,49.00,$94.27,$49091.45
2015-06-17,AXON,1.00,$34.65,$6526.78
2015-06-17,DXCM,1.00,$18.74,$6618.80
2015-09-14,MRVL,9.03,-1.00,$7.83,$70.68
2015-09-14,MU,46.85,-5.21,$16.31,$764.20
2015-09-14,AXON,169.53,-18.84,$23.87,$4046.60
2015-09-14,AMD,3.83,-0.43,$1.82,$6.97
2015-09-14,WBD,55.23,-6.14,$26.57,$1467.36
2015-09-14,AMAT,9.71,-1.08,$13.88,$134.73
2015-09-14,BIIB,20.58,-2.29,$316.23,$6507.37
2015-09-14,ON,298.40,-33.16,$10.08,$3007.89
2015-09-14,CSX,1228.28,-136.48,$8.17,$10031.67
2015-09-14,QCOM,11.48,-1.28,$41.01,$470.75
2015-09-14,BKR,9.18,-1.02,$28.74,$263.72
2015-09-14,ASML,26.17,-0.37,$83.22,$2177.95
2015-09-14,LIN,11.10,-0.00,$87.61,$972.49
2015-09-14,DXCM,141.00,$23.93,$11826.10
2015-09-14,AMZN,101.00,$26.07,$16076.42
2015-12-09,AXON,152.57,-16.95,$16.63,$2537.31
2015-12-09,MU,42.17,-4.69,$13.99,$589.76
2015-12-09,MSTR,83.76,-9.31,$17.25,$1445.20
2015-12-09,PCAR,68.88,-7.65,$22.26,$1533.14
2015-12-09,CSX,1105.45,-122.83,$7.24,$8003.23
2015-12-09,DXCM,444.73,-49.41,$21.31,$9478.30
2015-12-09,EXC,5.92,-0.66,$13.44,$79.62
2015-12-09,VRTX,29.23,-3.10,$120.63,$3526.15
2015-12-09,NVDA,3772.00,$0.80,$10536.56
2015-12-09,ADSK,1.00,$63.25,$361.95
2015-12-09,KLAC,3.00,$56.68,$618.95
2015-12-09,NFLX,22.00,$124.20,$67409.03
2015-12-09,AMD,1.00,$2.35,$11.35
2015-12-09,AMAT,1.00,$17.02,$182.31
2015-12-09,CPRT,2.00,$4.85,$2667.90
2016-03-09,REGN,129.49,-8.05,$373.15,$48319.89
2016-03-09,EXC,2.00,$17.45,$138.30
2016-03-09,MRVL,3.00,$9.09,$109.32
2016-03-09,FAST,98.00,$9.52,$3286.29
2016-03-09,AXON,61.00,$19.54,$4173.24
2016-03-09,XEL,6.00,$30.37,$698.90
2016-03-09,AEP,4.00,$45.93,$741.71
2016-03-09,IDXX,8.00,$77.91,$2227.05
2016-03-09,ISRG,28.00,$63.66,$6307.04
2016-03-09,PCAR,27.00,$24.63,$2361.86
2016-03-09,ODFL,17.00,$21.65,$3330.25
2016-06-06,AMD,1.00,$4.47,$26.05
2016-06-06,NVDA,2651.00,$1.14,$17997.05
2016-08-31,MSTR,75.39,-8.38,$16.68,$1257.40
2016-08-31,WBD,49.70,-5.52,$25.51,$1267.94
2016-08-31,GILD,92.86,-10.32,$56.44,$5240.96
2016-08-31,AMD,2.00,$7.40,$57.93
2016-08-31,NVDA,1888.00,$1.51,$26766.22
2016-11-28,DXCM,400.26,-44.47,$17.68,$7075.53
2016-11-28,AZN,33.65,-3.74,$20.56,$691.91
2016-11-28,AMGN,0.96,-0.11,$112.30,$107.43
2016-11-28,CCEP,49.68,-5.52,$26.22,$1302.61
2016-11-28,MNST,1634.31,-87.47,$22.65,$37008.88
2016-11-28,NVDA,2588.00,$2.32,$47125.93
2017-02-27,QCOM,10.33,-1.15,$45.23,$467.23
2017-02-27,AMD,3.00,$15.20,$164.60
2017-02-27,CSX,207.00,$14.52,$19063.30
2017-05-24,AMD,9.75,-1.08,$10.89,$106.13
2017-05-24,DXCM,360.23,-40.03,$17.07,$6147.34
2017-05-24,BIIB,18.52,-2.06,$253.33,$4691.72
2017-05-24,WBD,44.73,-4.97,$25.46,$1138.91
2017-05-24,FAST,310.69,-34.52,$9.11,$2829.53
2017-05-24,AMGN,0.86,-0.10,$121.37,$104.49
2017-05-24,ORLY,235.10,-26.12,$16.00,$3761.83
2017-05-24,ROST,227.38,-16.03,$57.08,$12978.43
2017-05-24,TTWO,14.00,$77.73,$3879.39
2017-05-24,NVDA,1436.00,$3.42,$74462.55
2017-08-21,MSTR,67.85,-7.54,$12.52,$849.54
2017-08-21,ORLY,211.59,-23.51,$13.19,$2790.22
2017-08-21,BKR,8.26,-0.92,$25.96,$214.39
2017-08-21,AZN,30.29,-3.37,$23.37,$707.75
2017-08-21,SBUX,13.32,-1.48,$44.72,$595.84
2017-08-21,KLAC,9.83,-1.09,$78.37,$770.29
2017-08-21,WBD,40.26,-4.47,$22.34,$899.40
2017-08-21,AXON,192.22,-21.36,$22.08,$4244.14
2017-08-21,QCOM,9.30,-1.03,$41.85,$389.09
2017-08-21,VRTX,11.00,$149.01,$5994.84
2017-08-21,TTWO,19.00,$91.98,$6338.20
2017-08-21,NVDA,226.00,$3.93,$86409.45
2017-11-15,DXCM,324.21,-36.02,$13.00,$4214.70
2017-11-15,WBD,36.23,-4.03,$16.72,$605.83
2017-11-15,REGN,123.08,-6.41,$384.65,$47342.80
2017-11-15,MU,16.00,$44.30,$2576.99
2017-11-15,ON,119.00,$21.10,$8807.19
2017-11-15,NVDA,536.00,$5.19,$116888.54
2018-02-14,XEL,20.71,-2.30,$34.36,$711.64
2018-02-14,REGN,114.20,-8.88,$329.28,$37603.40
2018-02-14,WBD,14.00,$23.83,$1197.07
2018-02-14,NFLX,21.00,$266.00,$149956.38
2018-02-14,AMZN,1.00,$72.55,$44814.75
2018-02-14,CPRT,1.00,$11.23,$6184.30
2018-05-14,MNST,1511.56,-122.75,$24.47,$36980.29
2018-05-14,AXON,76.00,$56.99,$15285.66
2018-05-14,DXCM,76.00,$21.99,$8798.57
2018-08-09,MAR,6.15,-0.68,$114.17,$702.15
2018-08-09,AMAT,9.64,-1.07,$45.37,$437.34
2018-08-09,AMD,3.00,$19.10,$243.45
2018-08-09,DXCM,99.00,$30.80,$15374.35
2018-08-09,ORLY,1.00,$21.25,$4518.05
2018-11-05,AMAT,8.68,-0.96,$31.82,$276.05
2018-11-05,MCHP,23.60,-2.62,$30.74,$725.68
2018-11-05,EA,0.63,-0.07,$90.31,$56.68
2018-11-05,MU,52.35,-5.82,$38.99,$2041.14
2018-11-05,BKR,7.43,-0.83,$21.89,$162.68
2018-11-05,MRVL,10.83,-1.20,$16.47,$178.33
2018-11-05,KLAC,8.85,-0.98,$83.49,$738.56
2018-11-05,LRCX,87.14,-9.68,$13.42,$1169.21
2018-11-05,ON,375.66,-41.74,$17.72,$6656.73
2018-11-05,IDXX,25.73,-2.86,$201.45,$5182.58
2018-11-05,NVDA,22320.76,-208.43,$5.25,$117084.48
2018-11-05,WBD,20.00,$33.20,$2331.76
2018-11-05,SBUX,5.00,$55.51,$1017.11
2018-11-05,ROST,53.00,$94.72,$26558.85
2019-02-05,NVDA,21501.99,-818.77,$3.72,$79943.91
2019-02-05,ON,150.00,$21.88,$11501.48
2019-02-05,MCHP,9.00,$37.10,$1209.47
2019-02-05,REGN,5.00,$419.24,$49973.49
2019-02-05,LRCX,23.00,$15.90,$1750.89
2019-05-03,BIIB,16.67,-1.85,$231.18,$3853.34
2019-05-03,REGN,111.50,-7.70,$335.45,$37403.21
2019-05-03,QCOM,3.00,$77.09,$947.95
2019-05-03,CDNS,2.00,$70.27,$648.77
2019-05-03,MRVL,4.00,$23.89,$354.25
2019-05-03,CPRT,220.00,$16.78,$12934.45
2019-05-03,CSGP,37.00,$49.89,$6817.90
2019-05-03,NVDA,3.00,$4.54,$97683.60
2019-07-31,QCOM,11.07,-1.23,$63.74,$705.42
2019-07-31,NFLX,557.79,-5.96,$322.99,$180159.21
2019-07-31,FAST,310.69,-0.00,$13.56,$4213.53
2019-07-31,DXCM,102.00,$39.22,$23577.86
2019-10-25,AXON,241.39,-26.82,$54.26,$13098.09
2019-10-25,CSCO,29.60,-3.29,$39.36,$1165.10
2019-10-25,NFLX,552.65,-5.14,$276.82,$152984.40
2019-10-25,LRCX,44.00,$25.14,$3874.76
2019-10-25,KLAC,3.00,$157.67,$1867.73
2019-10-25,NVDA,871.00,$5.09,$113839.58
2020-01-24,DXCM,51.00,$58.49,$38144.37
2020-01-24,NVDA,3.00,$6.23,$139529.71
2020-04-22,ON,473.10,-52.57,$14.11,$6675.38
2020-04-22,MAR,5.54,-0.62,$77.55,$429.25
2020-04-22,BKR,6.69,-0.74,$11.10,$74.27
2020-04-22,WBD,63.21,-7.02,$20.37,$1287.60
2020-04-22,CPRT,693.85,-77.09,$17.02,$11809.26
2020-04-22,BKNG,165.62,-0.56,$1338.04,$221606.20
2020-04-22,REGN,10.00,$555.70,$67517.80
2020-04-22,DXCM,5.00,$80.16,$52680.13
2020-04-22,NVDA,6.00,$7.13,$159537.73
2020-07-20,ON,138.00,$21.63,$13218.00
2020-07-20,NVDA,1.00,$10.48,$234520.54
2020-10-14,GILD,83.58,-9.29,$52.98,$4427.94
2020-10-14,CSCO,26.64,-2.96,$34.63,$922.51
2020-10-14,INTC,10.78,-1.20,$48.06,$518.26
2020-10-14,BKR,6.02,-0.67,$11.49,$69.21
2020-10-14,VRTX,36.21,-4.02,$271.46,$9829.03
2020-10-14,AMD,5.00,$84.21,$1494.38
2020-10-14,QCOM,4.00,$117.38,$1768.52
2020-10-14,MSTR,27.00,$16.42,$1557.81
2020-10-14,NVDA,243.00,$14.05,$318008.59
2021-01-12,REGN,115.52,-5.98,$503.59,$58176.81
2021-01-12,MSTR,37.00,$51.42,$6780.23
2021-01-12,BKR,2.00,$20.37,$163.40
2021-01-12,WBD,25.00,$35.30,$3113.83
2021-01-12,AMAT,3.00,$96.24,$1123.60
2021-01-12,MU,20.00,$77.61,$5615.02
2021-01-12,LRCX,26.00,$50.98,$9183.19
2021-01-12,FAST,1.00,$23.90,$7448.96
2021-04-12,AMD,15.97,-1.77,$78.58,$1255.02
2021-04-12,BKR,7.22,-0.80,$17.91,$129.29
2021-04-12,QCOM,13.56,-1.51,$125.34,$1699.65
2021-04-12,MSTR,46.00,$71.82,$12773.87
2021-04-12,ON,1.00,$42.40,$25952.86
2021-07-08,WBD,79.39,-8.82,$28.78,$2284.83
2021-07-08,MU,65.12,-7.24,$75.31,$4904.06
2021-07-08,INTC,9.70,-1.08,$50.69,$491.93
2021-07-08,CTSH,29.95,-3.33,$63.97,$1915.86
2021-07-08,MSTR,160.06,-17.78,$61.84,$9899.03
2021-07-08,ON,589.38,-22.71,$36.72,$21642.18
2021-07-08,BIIB,6.00,$369.05,$8365.68
2021-07-08,NVDA,190.00,$19.86,$453198.04
2021-10-04,BIIB,20.40,-2.27,$278.32,$5678.10
2021-10-04,AMZN,602.75,-14.93,$159.49,$96132.68
2021-10-04,ON,134.00,$44.89,$32472.70
2021-12-30,BIIB,18.36,-2.04,$240.00,$4406.69
2021-12-30,CMCSA,96.55,-10.73,$45.26,$4370.44
2021-12-30,MRVL,5.00,$86.10,$1707.21
2021-12-30,ON,37.00,$67.61,$51409.56
2021-12-30,NVDA,1.00,$29.53,$673922.57
2022-03-29,NFLX,544.93,-7.72,$391.82,$213515.61
2022-03-29,BKR,2.00,$33.67,$310.44
2022-03-29,VRTX,14.00,$257.98,$12952.67
2022-03-29,EXC,3.00,$41.41,$452.36
2022-03-29,AZN,12.00,$61.46,$2599.17
2022-03-29,AEP,6.00,$86.55,$1917.06
2022-06-27,MSTR,144.06,-16.01,$19.67,$2834.06
2022-06-27,NFLX,525.52,-19.41,$189.14,$99396.69
2022-06-27,MNST,169.00,$47.10,$79162.73
2022-09-22,INTC,8.73,-0.97,$26.71,$233.27
2022-09-22,NVDA,22581.92,-238.07,$12.55,$283327.15
2022-09-22,NFLX,25.00,$237.05,$130500.56
2022-09-22,ON,1.00,$64.96,$49459.50
2022-12-19,AMZN,567.02,-35.73,$84.92,$48151.34
2022-12-19,AXON,36.00,$167.57,$46483.07
2022-12-19,NVDA,2.00,$16.24,$366753.05
2023-03-20,CSGP,123.00,-13.67,$66.76,$8211.66
2023-03-20,ADP,4.37,-0.49,$205.58,$899.21
2023-03-20,AMGN,0.77,-0.09,$218.43,$169.25
2023-03-20,ROST,260.58,-19.80,$99.67,$25972.51
2023-03-20,NVDA,232.00,$25.88,$590507.89
2023-06-15,NVDA,70.00,$42.63,$975553.00
2023-09-13,DXCM,628.51,-28.70,$105.22,$66131.55
2023-09-13,ODFL,29.00,$205.90,$37646.80
2023-09-13,MSTR,2.00,$34.18,$4992.85
2023-12-08,ON,721.98,-39.40,$76.14,$54971.58
2023-12-08,MSTR,58.00,$59.94,$12231.04
2023-12-08,AMD,6.00,$128.92,$2832.54
2023-12-08,QCOM,5.00,$128.92,$2392.91
2023-12-08,IDXX,2.00,$531.35,$14732.40
2023-12-08,FAST,1.00,$30.65,$9583.41
2024-03-08,WBD,71.45,-7.94,$8.73,$623.76
2024-03-08,XEL,18.64,-2.07,$48.32,$900.64
2024-03-08,AAPL,599.91,-16.77,$169.51,$101692.18
2024-03-08,MSTR,42.00,$142.56,$35077.80
2024-06-05,INTC,7.86,-0.87,$30.59,$240.44
2024-06-05,AMD,19.77,-2.20,$166.17,$3285.87
2024-06-05,ODFL,167.69,-15.15,$174.68,$29291.95
2024-06-05,NVDA,49.00,$122.39,$2807034.51
2024-09-03,DXCM,585.98,-42.53,$72.36,$42401.21
2024-09-03,GILD,33.00,$77.21,$9000.81
2024-09-03,AXON,10.00,$355.16,$102071.19
2024-11-27,REGN,112.79,-2.73,$751.65,$84777.64
2024-11-27,MSTR,10.00,$388.84,$99565.64
2024-11-27,WBD,21.00,$10.38,$959.64
2025-02-28,MSTR,244.29,-11.76,$255.43,$62400.04
2025-02-28,GILD,46.00,$112.71,$18324.40
2025-02-28,AZN,10.00,$75.68,$3957.45
2025-02-28,EXC,1.00,$43.42,$517.80
2025-02-28,WBD,2.00,$11.46,$1082.40
2025-05-28,MRVL,17.85,-1.98,$64.54,$1151.75
2025-05-28,SBUX,16.49,-1.83,$85.44,$1408.88
2025-05-28,BKR,8.30,-0.92,$36.49,$302.73
2025-05-28,AAPL,586.50,-13.41,$200.19,$117413.80
2025-05-28,MSTR,16.00,$364.25,$94812.13
2025-05-28,MNST,2.00,$63.77,$107296.79
